{
    "rmse": 0.7761577115201919,
    "mae": 0.6317355172747519,
    "r2": 0.07817078529578203
}